{
  "policy": {
    "system": {
      "statsOutboundUplink": true,
      "statsOutboundDownlink": true
    }
  },
  "log": {
    "access": "",
    "error": "",
    "loglevel": "warning"
  },
  "inbounds": [
    {
      "tag": "socks",
      "port": 10808,
      "listen": "127.0.0.1",
      "protocol": "socks",
      "sniffing": {
        "enabled": true,
        "destOverride": [
          "http",
          "tls"
        ]
      },
      "settings": {
        "auth": "noauth",
        "udp": true,
        "allowTransparent": false
      }
    },
    {
      "tag": "http",
      "port": 10809,
      "listen": "127.0.0.1",
      "protocol": "http",
      "sniffing": {
        "enabled": true,
        "destOverride": [
          "http",
          "tls"
        ]
      },
      "settings": {
        "udp": false,
        "allowTransparent": false
      }
    },
    {
      "tag": "api",
      "port": 57545,
      "listen": "127.0.0.1",
      "protocol": "dokodemo-door",
      "settings": {
        "udp": false,
        "address": "127.0.0.1",
        "allowTransparent": false
      }
    }
  ],
  "outbounds": [
    {
      "tag": "proxy",
      "protocol": "vmess",
      "settings": {
        "vnext": [
          {
            "address": "ccc-v3-01.rabbitpro-in-1.com",
            "port": 29001,
            "users": [
              {
                "id": "c9be820d-4461-37be-8e4b-cd6a54dddcdd",
                "alterId": 0,
                "email": "t@t.tt",
                "security": "auto"
              }
            ]
          }
        ]
      },
      "streamSettings": {
        "network": "tcp"
      },
      "mux": {
        "enabled": true,
        "concurrency": 8
      }
    },
    {
      "tag": "direct",
      "protocol": "freedom",
      "settings": {}
    },
    {
      "tag": "block",
      "protocol": "blackhole",
      "settings": {
        "response": {
          "type": "http"
        }
      }
    }
  ],
  "stats": {},
  "api": {
    "tag": "api",
    "services": [
      "StatsService"
    ]
  },
  "dns": {
    "servers": [
      "8.8.8.8",
      "1.1.1.1"
    ]
  },
  "routing": {
    "domainStrategy": "IPIfNonMatch",
    "domainMatcher": "linear",
    "rules": [
      {
        "type": "field",
        "inboundTag": [
          "api"
        ],
        "outboundTag": "api",
        "enabled": true
      },
      {
        "type": "field",
        "outboundTag": "direct",
        "domain": [
          "domain:example-example.com",
          "domain:example-example2.com"
        ],
        "enabled": true
      },
      {
        "type": "field",
        "outboundTag": "block",
        "domain": [
          "geosite:category-ads-all"
        ],
        "enabled": true
      },
      {
        "type": "field",
        "outboundTag": "direct",
        "domain": [
          "geosite:cn"
        ],
        "enabled": true
      },
      {
        "type": "field",
        "outboundTag": "direct",
        "ip": [
          "geoip:private",
          "geoip:cn"
        ],
        "enabled": true
      },
      {
        "type": "field",
        "port": "0-65535",
        "outboundTag": "proxy",
        "enabled": true
      }
    ]
  }
}