{
  "policy": {
    "system": {
      "statsOutboundUplink": true,
      "statsOutboundDownlink": true
    }
  },
  "log": {
    "access": "",
    "error": "",
    "loglevel": "warning"
  },
  "inbounds": [
    {
      "tag": "socks",
      "port": 10808,
      "listen": "127.0.0.1",
      "protocol": "socks",
      "sniffing": {
        "enabled": true,
        "destOverride": [
          "http",
          "tls"
        ]
      },
      "settings": {
        "auth": "noauth",
        "udp": true,
        "allowTransparent": false
      }
    },
    {
      "tag": "http",
      "port": 10809,
      "listen": "127.0.0.1",
      "protocol": "http",
      "sniffing": {
        "enabled": true,
        "destOverride": [
          "http",
          "tls"
        ]
      },
      "settings": {
        "udp": false,
        "allowTransparent": false
      }
    },
    {
      "tag": "api",
      "port": 51299,
      "listen": "127.0.0.1",
      "protocol": "dokodemo-door",
      "settings": {
        "udp": false,
        "address": "127.0.0.1",
        "allowTransparent": false
      }
    }
  ],
  "outbounds": [
    {
      "tag": "proxy",
      "protocol": "vmess",
      "settings": {
        "vnext": [
          {
            "address": "us.lianjianode.cc",
            "port": 21001,
            "users": [
              {
                "id": "7a221026-4142-43e0-994d-5166e65b0a56",
                "alterId": 0,
                "email": "t@t.tt",
                "security": "auto"
              }
            ]
          }, 
          {
            "address": "us.lianjianode.cc",
            "port": 21002,
            "users": [
              {
                "id": "7a221026-4142-43e0-994d-5166e65b0a56",
                "alterId": 0,
                "email": "t@t.tt",
                "security": "auto"
              }
            ]
          }, 
              {
            "address": "us.lianjianode.cc",
            "port": 21000,
            "users": [
              {
                "id": "7a221026-4142-43e0-994d-5166e65b0a56",
                "alterId": 0,
                "email": "t@t.tt",
                "security": "auto"
              }
            ]
          }, 
{
            "address": "us.lianjianode.cc",
            "port": 34175,
            "users": [
              {
                "id": "7a221026-4142-43e0-994d-5166e65b0a56",
                "alterId": 0,
                "email": "t@t.tt",
                "security": "auto"
              }
            ]
          }, 
{
            "address": "jp.lianjianode.cc",
            "port": 21011,
            "users": [
              {
                "id": "7a221026-4142-43e0-994d-5166e65b0a56",
                "alterId": 0,
                "email": "t@t.tt",
                "security": "auto"
              }
            ]
          }, 
{
            "address": "jp.lianjianode.cc",
            "port": 21012,
            "users": [
              {
                "id": "7a221026-4142-43e0-994d-5166e65b0a56",
                "alterId": 0,
                "email": "t@t.tt",
                "security": "auto"
              }
            ]
          }, 
{
            "address": "jp.lianjianode.cc",
            "port": 21013,
            "users": [
              {
                "id": "7a221026-4142-43e0-994d-5166e65b0a56",
                "alterId": 0,
                "email": "t@t.tt",
                "security": "auto"
              }
            ]
          }, 
{
            "address": "sg.lianjianode.cc",
            "port": 21020,
            "users": [
              {
                "id": "7a221026-4142-43e0-994d-5166e65b0a56",
                "alterId": 0,
                "email": "t@t.tt",
                "security": "auto"
              }
            ]
          }, 
{
            "address": "sg.lianjianode.cc",
            "port": 21021,
            "users": [
              {
                "id": "7a221026-4142-43e0-994d-5166e65b0a56",
                "alterId": 0,
                "email": "t@t.tt",
                "security": "auto"
              }
            ]
          }, 
{
            "address": "hk.lianjianode.cc",
            "port": 21030,
            "users": [
              {
                "id": "7a221026-4142-43e0-994d-5166e65b0a56",
                "alterId": 0,
                "email": "t@t.tt",
                "security": "auto"
              }
            ]
          }, 
{
            "address": "hk.lianjianode.cc",
            "port": 21031,
            "users": [
              {
                "id": "7a221026-4142-43e0-994d-5166e65b0a56",
                "alterId": 0,
                "email": "t@t.tt",
                "security": "auto"
              }
            ]
          }, 
{
            "address": "hk.lianjianode.cc",
            "port": 21032,
            "users": [
              {
                "id": "7a221026-4142-43e0-994d-5166e65b0a56",
                "alterId": 0,
                "email": "t@t.tt",
                "security": "auto"
              }
            ]
          }, 
           {
            "address": "hk.lianjianode.cc",
            "port": 21033,
            "users": [
              {
                "id": "7a221026-4142-43e0-994d-5166e65b0a56",
                "alterId": 0,
                "email": "t@t.tt",
                "security": "auto"
              }
            ]
          }, 
           {
            "address": "ca.lianjianode.cc",
            "port": 21034,
            "users": [
              {
                "id": "7a221026-4142-43e0-994d-5166e65b0a56",
                "alterId": 0,
                "email": "t@t.tt",
                "security": "auto"
              }
            ]
          }, 
           {
            "address": "ca.lianjianode.cc",
            "port": 21035,
            "users": [
              {
                "id": "7a221026-4142-43e0-994d-5166e65b0a56",
                "alterId": 0,
                "email": "t@t.tt",
                "security": "auto"
              }
            ]
          }
        ]
      },
      "streamSettings": {
        "network": "ws",
        "wsSettings": {
          "path": "/hongkong",
          "headers": {
            "Host": "hk1.luodi.xyz"
          }
        }
      },
      "mux": {
        "enabled": true,
        "concurrency": 8
      }
    },
    {
      "tag": "direct",
      "protocol": "freedom",
      "settings": {}
    },
    {
      "tag": "block",
      "protocol": "blackhole",
      "settings": {
        "response": {
          "type": "http"
        }
      }
    }
  ],
  "stats": {},
  "api": {
    "tag": "api",
    "services": [
      "StatsService"
    ]
  },
  "dns": {
    "servers": [
      "8.8.8.8",
      "1.1.1.1"
    ]
  },
  "routing": {
    "domainStrategy": "IPIfNonMatch",
    "domainMatcher": "linear",
    "rules": [
      {
        "type": "field",
        "inboundTag": [
          "api"
        ],
        "outboundTag": "api",
        "enabled": true
      },
      {
        "type": "field",
        "port": "0-65535",
        "outboundTag": "proxy",
        "enabled": true
      }
    ]
  }
}