{
  "server": [
    {
      "itemId": "ZWMueG1ydGhub2RlLmNvbTQyMzAwMTAuNS45Ni4zL3Ro",
      "totalUp": 0,
      "totalDown": 0,
      "todayUp": 0,
      "todayDown": 0,
      "dateNow": 638569440000000000
    },
    {
      "itemId": "eGgwMTMueG1ydGhub2RlLmNvbTQ0M3dzLWFpY2RuLmNvbS9pbmRleA==",
      "totalUp": 0,
      "totalDown": 0,
      "todayUp": 0,
      "todayDown": 0,
      "dateNow": 638569440000000000
    },
    {
      "itemId": "cmFiYml0cHJvLXN1YnNjcmlwdGlvbi5jb20xMDA4Ng==",
      "totalUp": 0,
      "totalDown": 0,
      "todayUp": 0,
      "todayDown": 0,
      "dateNow": 638569440000000000
    },
    {
      "itemId": "Y2NjLXYyLTAyLnJhYmJpdHByby1pbi0xLmNvbTI4MDAydjItMDIucmFiYml0cHJvLW91dC5jb20vaGxz",
      "totalUp": 0,
      "totalDown": 0,
      "todayUp": 0,
      "todayDown": 0,
      "dateNow": 638569440000000000
    },
    {
      "itemId": "Y2NjLXYzLTAyLnJhYmJpdHByby1pbi0xLmNvbTI5MDAy",
      "totalUp": 0,
      "totalDown": 0,
      "todayUp": 0,
      "todayDown": 0,
      "dateNow": 638569440000000000
    },
    {
      "itemId": "dGhlcmFiYml0cHJvc3Vic2NyaXB0aW9uLmNvbTEwMDg2",
      "totalUp": 0,
      "totalDown": 0,
      "todayUp": 0,
      "todayDown": 0,
      "dateNow": 638569440000000000
    },
    {
      "itemId": "Y2NjLXYzLTAzLnJhYmJpdHByby1pbi0xLmNvbTI5MDAz",
      "totalUp": 0,
      "totalDown": 0,
      "todayUp": 0,
      "todayDown": 0,
      "dateNow": 638569440000000000
    },
    {
      "itemId": "",
      "totalUp": 194482,
      "totalDown": 0,
      "todayUp": 0,
      "todayDown": 0,
      "dateNow": 638569440000000000
    },
    {
      "itemId": "Y2NjLXYzLTAxLnJhYmJpdHByby1pbi0xLmNvbTI5MDAxY2NjLXYzLTAxLnJhYmJpdHByby1pbi0xLmNvbS8=",
      "totalUp": 0,
      "totalDown": 0,
      "todayUp": 0,
      "todayDown": 0,
      "dateNow": 638569440000000000
    },
    {
      "itemId": "Y2NjLXYzLTAzLnJhYmJpdHByby1pbi0xLmNvbTI5MDAzY2NjLXYzLTAzLnJhYmJpdHByby1pbi0xLmNvbS8=",
      "totalUp": 0,
      "totalDown": 0,
      "todayUp": 0,
      "todayDown": 0,
      "dateNow": 638569440000000000
    },
    {
      "itemId": "Y2NjLXYzLTAyLnJhYmJpdHByby1pbi0xLmNvbTI5MDAyY2NjLXYzLTAyLnJhYmJpdHByby1pbi0xLmNvbS8=",
      "totalUp": 0,
      "totalDown": 0,
      "todayUp": 0,
      "todayDown": 0,
      "dateNow": 638569440000000000
    },
    {
      "itemId": "cmVsYXkuaGsuYS5zZmNhdC5saW5rNTI4NDA=",
      "totalUp": 0,
      "totalDown": 0,
      "todayUp": 0,
      "todayDown": 0,
      "dateNow": 638569440000000000
    },
    {
      "itemId": "cmVsYXkuaGsuYS5zZmNhdC5saW5rMjYxMzQ=",
      "totalUp": 0,
      "totalDown": 0,
      "todayUp": 0,
      "todayDown": 0,
      "dateNow": 638569440000000000
    },
    {
      "itemId": "Y2NjLXYzLTA0LnJhYmJpdHByby1pbi0xLmNvbTI5MDA0",
      "totalUp": 0,
      "totalDown": 0,
      "todayUp": 0,
      "todayDown": 0,
      "dateNow": 638569440000000000
    },
    {
      "itemId": "Y2NjLXYzLTA1LnJhYmJpdHByby1pbi0xLmNvbTI5MDA1",
      "totalUp": 0,
      "totalDown": 0,
      "todayUp": 0,
      "todayDown": 0,
      "dateNow": 638569440000000000
    },
    {
      "itemId": "Y2NjLXYzLTA2LnJhYmJpdHByby1pbi0xLmNvbTI5MDA2",
      "totalUp": 0,
      "totalDown": 0,
      "todayUp": 0,
      "todayDown": 0,
      "dateNow": 638569440000000000
    },
    {
      "itemId": "Y2NjLXYzLTA3LnJhYmJpdHByby1pbi0xLmNvbTI5MDA3",
      "totalUp": 0,
      "totalDown": 0,
      "todayUp": 0,
      "todayDown": 0,
      "dateNow": 638569440000000000
    },
    {
      "itemId": "Y2NjLXYyLTA5LnJhYmJpdHByby1pbi0xLmNvbTI4MDA5djItMDkucmFiYml0cHJvLW91dC5jb20vaGxz",
      "totalUp": 0,
      "totalDown": 0,
      "todayUp": 0,
      "todayDown": 0,
      "dateNow": 638569440000000000
    },
    {
      "itemId": "Y2NjLXYzLTEwLnJhYmJpdHByby1pbi0xLmNvbTI5MDEw",
      "totalUp": 0,
      "totalDown": 0,
      "todayUp": 0,
      "todayDown": 0,
      "dateNow": 638569440000000000
    },
    {
      "itemId": "Y2NjLXYyLTEyLnJhYmJpdHByby1pbi0xLmNvbTI4MDEydjItMTIucmFiYml0cHJvLW91dC5jb20vaGxz",
      "totalUp": 0,
      "totalDown": 0,
      "todayUp": 0,
      "todayDown": 0,
      "dateNow": 638569440000000000
    },
    {
      "itemId": "Y2NjLXYzLTAxLnJhYmJpdHByby1pbi0xLmNvbTI5MDAx",
      "totalUp": 0,
      "totalDown": 0,
      "todayUp": 0,
      "todayDown": 0,
      "dateNow": 638569440000000000
    },
    {
      "itemId": "Y2NjLXYyLTAxLnJhYmJpdHByby1pbi0xLmNvbTI4MDAxdjItMDEucmFiYml0cHJvLW91dC5jb20vaGxz",
      "totalUp": 0,
      "totalDown": 0,
      "todayUp": 0,
      "todayDown": 0,
      "dateNow": 638569440000000000
    },
    {
      "itemId": "Y2NjLTAxLnJhYmJpdHByby1pbi0yLmNvbTI3MDAxdjEtMDEucmFiYml0cHJvLW91dC5jb20vaGxz",
      "totalUp": 0,
      "totalDown": 0,
      "todayUp": 0,
      "todayDown": 0,
      "dateNow": 638569440000000000
    },
    {
      "itemId": "Y2NjLTE5LnJhYmJpdHByby1pbi0zLmNvbTI3MDE5djEtMTkucmFiYml0cHJvLW91dC5jb20vaGxz",
      "totalUp": 0,
      "totalDown": 0,
      "todayUp": 0,
      "todayDown": 0,
      "dateNow": 638569440000000000
    },
    {
      "itemId": "Y2NjLXYyLTExLnJhYmJpdHByby1pbi0xLmNvbTI4MDExdjItMTEucmFiYml0cHJvLW91dC5jb20vaGxz",
      "totalUp": 66695,
      "totalDown": 0,
      "todayUp": 0,
      "todayDown": 0,
      "dateNow": 638569440000000000
    },
    {
      "itemId": "bGFmLWdkNS52aXAuY2RuLmxhZnNlbC54eXo0MzQwMWxhLmZhLTUuaGsubGFmc2VsLnh5ei9sYW5mYW4xLnZpcC5tM3U4",
      "totalUp": 14579,
      "totalDown": 31759,
      "todayUp": 0,
      "todayDown": 0,
      "dateNow": 638569440000000000
    },
    {
      "itemId": "dXMubGlhbmppYW5vZGUuY2MyMTAwMXVzMS5sdW9kaS54eXovdXNh",
      "totalUp": 257797,
      "totalDown": 604456,
      "todayUp": 257021,
      "todayDown": 589891,
      "dateNow": 638569440000000000
    },
    {
      "itemId": "dXMubGlhbmppYW5vZGUuY2MyMTAwMHVzMS5sdW9kaS54eXovdXNh",
      "totalUp": 2910526,
      "totalDown": 65445607,
      "todayUp": 18306,
      "todayDown": 75273,
      "dateNow": 638569440000000000
    },
    {
      "itemId": "anAubGlhbmppYW5vZGUuY2MyMTAxMGpwMS5sdW9kaS54eXovamFwYW4=",
      "totalUp": 8580028,
      "totalDown": 62261626,
      "todayUp": 45968,
      "todayDown": 146604,
      "dateNow": 638569440000000000
    },
    {
      "itemId": "anAubGlhbmppYW5vZGUuY2MyMTAxMmpwMS5sdW9kaS54eXovamFwYW4=",
      "totalUp": 605380,
      "totalDown": 4211740,
      "todayUp": 60105,
      "todayDown": 183802,
      "dateNow": 638569440000000000
    },
    {
      "itemId": "dHcubGlhbmppYW5vZGUuY2MyMTAwNGhpbmV0Lmx1b2RpLnh5ei9oaW5ldA==",
      "totalUp": 0,
      "totalDown": 0,
      "todayUp": 0,
      "todayDown": 0,
      "dateNow": 638569440000000000
    },
    {
      "itemId": "dHcubGlhbmppYW5vZGUuY2MyMTAwM2hpbmV0Lmx1b2RpLnh5ei9oaW5ldA==",
      "totalUp": 0,
      "totalDown": 0,
      "todayUp": 0,
      "todayDown": 0,
      "dateNow": 638569440000000000
    },
    {
      "itemId": "dXMubGlhbmppYW5vZGUuY2MzNDE3NXVzMS5sdW9kaS54eXovdXNh",
      "totalUp": 324033,
      "totalDown": 6848164,
      "todayUp": 16634,
      "todayDown": 65559,
      "dateNow": 638569440000000000
    },
    {
      "itemId": "c2cubGlhbmppYW5vZGUuY2MyMTAyMHNnMS5sdW9kaS54eXovc2luZ2Fwb3Jl",
      "totalUp": 610016,
      "totalDown": 6163580,
      "todayUp": 28331,
      "todayDown": 94016,
      "dateNow": 638569440000000000
    },
    {
      "itemId": "aGsubGlhbmppYW5vZGUuY2MyMTAzMGhrMS5sdW9kaS54eXovaG9uZ2tvbmc=",
      "totalUp": 208529,
      "totalDown": 1737984,
      "todayUp": 208529,
      "todayDown": 1737984,
      "dateNow": 638569440000000000
    },
    {
      "itemId": "dXMubGlhbmppYW5vZGUuY2MyMTAwMnVzMS5sdW9kaS54eXovdXNh",
      "totalUp": 179083,
      "totalDown": 407133,
      "todayUp": 179083,
      "todayDown": 407133,
      "dateNow": 638569440000000000
    },
    {
      "itemId": "anAubGlhbmppYW5vZGUuY2MyMTAxMWpwMS5sdW9kaS54eXovamFwYW4=",
      "totalUp": 16824,
      "totalDown": 66578,
      "todayUp": 16824,
      "todayDown": 66578,
      "dateNow": 638569440000000000
    },
    {
      "itemId": "anAubGlhbmppYW5vZGUuY2MyMTAxM2pwMS5sdW9kaS54eXovamFwYW4=",
      "totalUp": 16715,
      "totalDown": 69830,
      "todayUp": 16715,
      "todayDown": 69830,
      "dateNow": 638569440000000000
    },
    {
      "itemId": "c2cubGlhbmppYW5vZGUuY2MyMTAyMXNnMS5sdW9kaS54eXovc2luZ2Fwb3Jl",
      "totalUp": 14941,
      "totalDown": 69277,
      "todayUp": 14941,
      "todayDown": 69277,
      "dateNow": 638569440000000000
    },
    {
      "itemId": "aGsubGlhbmppYW5vZGUuY2MyMTAzMWhrMS5sdW9kaS54eXovaG9uZ2tvbmc=",
      "totalUp": 38675,
      "totalDown": 146203,
      "todayUp": 38675,
      "todayDown": 146203,
      "dateNow": 638569440000000000
    },
    {
      "itemId": "aGsubGlhbmppYW5vZGUuY2MyMTAzMmhrMS5sdW9kaS54eXovaG9uZ2tvbmc=",
      "totalUp": 37253,
      "totalDown": 90235,
      "todayUp": 37253,
      "todayDown": 90235,
      "dateNow": 638569440000000000
    },
    {
      "itemId": "aGsubGlhbmppYW5vZGUuY2MyMTAzM2hrMS5sdW9kaS54eXovaG9uZ2tvbmc=",
      "totalUp": 17691,
      "totalDown": 79224,
      "todayUp": 17691,
      "todayDown": 79224,
      "dateNow": 638569440000000000
    },
    {
      "itemId": "Y2EubGlhbmppYW5vZGUuY2MyMTAzNGhrMS5sdW9kaS54eXovaG9uZ2tvbmc=",
      "totalUp": 83868,
      "totalDown": 133771,
      "todayUp": 83868,
      "todayDown": 133771,
      "dateNow": 638569440000000000
    },
    {
      "itemId": "Y2EubGlhbmppYW5vZGUuY2MyMTAzNWhrMS5sdW9kaS54eXovaG9uZ2tvbmc=",
      "totalUp": 159506,
      "totalDown": 506793,
      "todayUp": 159506,
      "todayDown": 506793,
      "dateNow": 638569440000000000
    }
  ]
}